timestamp,temperature,humidity,pressure
2026-08-01 00:00:00,15.63,97.64,1011.44
2026-08-01 00:15:00,15.55,97.47,1011.46
2026-08-01 00:30:00,14.75,98.0,1011.39
2026-08-01 00:45:00,15.14,98.0,1011.51
2026-08-01 01:00:00,14.96,98.0,1011.84
2026-08-01 01:15:00,14.78,98.0,1011.76
2026-08-01 01:30:00,14.5,98.0,1011.88
2026-08-01 01:45:00,14.79,98.0,1012.09
2026-08-01 02:00:00,14.17,98.0,1012.28
2026-08-01 02:15:00,14.04,98.0,1012.16
2026-08-01 02:30:00,14.3,98.0,1012.31
2026-08-01 02:45:00,14.56,98.0,1012.76
2026-08-01 03:00:00,14.72,98.0,1012.65
2026-08-01 03:15:00,14.41,98.0,1012.76
2026-08-01 03:30:00,15.14,98.0,1013.12
2026-08-01 03:45:00,14.83,97.69,1013.06
2026-08-01 04:00:00,15.35,95.89,1013.3
2026-08-01 04:15:00,15.72,95.8,1013.29
2026-08-01 04:30:00,15.99,94.76,1013.24
2026-08-01 04:45:00,16.66,94.45,1013.36
2026-08-01 05:00:00,16.5,92.83,1013.85
2026-08-01 05:15:00,16.95,91.82,1013.83
2026-08-01 05:30:00,17.57,91.39,1014.2
2026-08-01 05:45:00,17.93,87.89,1013.98
2026-08-01 06:00:00,18.48,88.27,1014.43
2026-08-01 06:15:00,18.55,84.74,1014.14
2026-08-01 06:30:00,18.86,83.98,1014.34
2026-08-01 06:45:00,19.1,81.59,1014.31
2026-08-01 07:00:00,20.33,82.39,1014.53
2026-08-01 07:15:00,20.07,79.51,1014.64
2026-08-01 07:30:00,21.27,79.4,1015.04
2026-08-01 07:45:00,21.8,76.42,1015.13
2026-08-01 08:00:00,21.66,75.59,1014.98
2026-08-01 08:15:00,22.26,73.88,1015.31
2026-08-01 08:30:00,22.67,70.66,1015.28
2026-08-01 08:45:00,23.29,69.04,1015.09
2026-08-01 09:00:00,23.66,67.25,1014.91
2026-08-01 09:15:00,24.26,67.36,1015.31
2026-08-01 09:30:00,24.93,63.71,1015.24
2026-08-01 09:45:00,24.98,63.99,1015.06
2026-08-01 10:00:00,25.56,61.12,1015.23
2026-08-01 10:15:00,26.28,59.93,1015.0
2026-08-01 10:30:00,26.23,59.87,1015.51
2026-08-01 10:45:00,26.72,57.81,1015.17
2026-08-01 11:00:00,27.47,57.08,1015.34
2026-08-01 11:15:00,27.82,55.09,1015.16
2026-08-01 11:30:00,27.66,55.21,1014.95
2026-08-01 11:45:00,28.24,52.78,1014.94
2026-08-01 12:00:00,28.01,52.66,1014.89
2026-08-01 12:15:00,28.87,49.78,1014.76
2026-08-01 12:30:00,28.57,51.2,1014.83
2026-08-01 12:45:00,29.04,50.96,1014.75
2026-08-01 13:00:00,29.38,48.57,1014.85
2026-08-01 13:15:00,29.42,48.21,1014.65
2026-08-01 13:30:00,29.73,49.73,1014.38
2026-08-01 13:45:00,29.44,49.67,1014.27
2026-08-01 14:00:00,29.37,49.86,1014.02
2026-08-01 14:15:00,29.61,49.79,1013.97
2026-08-01 14:30:00,29.65,48.61,1013.92
2026-08-01 14:45:00,29.36,48.03,1013.95
2026-08-01 15:00:00,29.4,49.85,1013.91
2026-08-01 15:15:00,29.26,48.92,1013.67
2026-08-01 15:30:00,29.18,50.78,1013.66
2026-08-01 15:45:00,28.32,52.0,1013.31
2026-08-01 16:00:00,28.37,53.06,1013.52
2026-08-01 16:15:00,28.18,53.85,1013.08
2026-08-01 16:30:00,27.48,53.18,1012.87
2026-08-01 16:45:00,27.37,54.43,1012.79
2026-08-01 17:00:00,27.56,57.25,1012.61
2026-08-01 17:15:00,27.1,56.03,1012.56
2026-08-01 17:30:00,26.74,58.61,1012.78
2026-08-01 17:45:00,26.23,58.82,1012.1
2026-08-01 18:00:00,25.31,62.89,1012.49
2026-08-01 18:15:00,25.13,63.97,1012.16
2026-08-01 18:30:00,25.0,63.35,1012.06
2026-08-01 18:45:00,23.93,66.35,1012.16
2026-08-01 19:00:00,24.14,67.01,1011.77
2026-08-01 19:15:00,23.54,69.58,1011.48
2026-08-01 19:30:00,23.2,70.73,1011.74
2026-08-01 19:45:00,22.17,71.55,1011.81
2026-08-01 20:00:00,21.58,74.26,1011.51
2026-08-01 20:15:00,21.49,75.43,1011.46
2026-08-01 20:30:00,20.88,78.76,1011.19
2026-08-01 20:45:00,20.16,78.49,1011.23
2026-08-01 21:00:00,19.81,80.13,1011.4
2026-08-01 21:15:00,19.18,84.35,1011.29
2026-08-01 21:30:00,18.75,84.68,1011.51
2026-08-01 21:45:00,18.26,85.7,1011.17
2026-08-01 22:00:00,17.86,88.65,1011.11
2026-08-01 22:15:00,17.88,89.38,1011.25
2026-08-01 22:30:00,17.01,91.67,1011.52
2026-08-01 22:45:00,16.6,92.75,1011.44
2026-08-01 23:00:00,16.85,94.47,1011.3
2026-08-01 23:15:00,16.1,94.94,1011.52
2026-08-01 23:30:00,16.3,96.57,1011.43
2026-08-01 23:45:00,15.67,95.24,1011.4
2026-08-02 00:00:00,15.97,97.9,1011.68
2026-08-02 00:15:00,15.74,98.0,1011.44
2026-08-02 00:30:00,15.05,97.21,1011.63
2026-08-02 00:45:00,15.11,98.0,1011.47
2026-08-02 01:00:00,14.85,98.0,1012.13
2026-08-02 01:15:00,14.72,98.0,1011.92
2026-08-02 01:30:00,14.67,98.0,1011.86
2026-08-02 01:45:00,15.06,98.0,1012.18
2026-08-02 02:00:00,14.99,98.0,1012.19
2026-08-02 02:15:00,14.51,98.0,1012.5
2026-08-02 02:30:00,15.24,98.0,1012.68
2026-08-02 02:45:00,14.93,98.0,1012.79
2026-08-02 03:00:00,15.14,98.0,1012.5
2026-08-02 03:15:00,15.09,98.0,1012.94
2026-08-02 03:30:00,15.13,98.0,1012.8
2026-08-02 03:45:00,15.63,98.0,1012.82
2026-08-02 04:00:00,15.84,97.32,1013.03
2026-08-02 04:15:00,15.98,94.97,1013.36
2026-08-02 04:30:00,16.35,95.58,1013.35
2026-08-02 04:45:00,17.05,92.46,1013.9
2026-08-02 05:00:00,16.89,91.4,1014.0
2026-08-02 05:15:00,17.2,92.49,1014.05
2026-08-02 05:30:00,17.51,89.33,1014.19
2026-08-02 05:45:00,17.86,89.7,1014.39
2026-08-02 06:00:00,18.77,88.26,1014.52
2026-08-02 06:15:00,19.02,86.74,1014.15
2026-08-02 06:30:00,19.63,83.19,1014.41
2026-08-02 06:45:00,19.84,83.35,1014.43
2026-08-02 07:00:00,20.46,80.87,1014.72
2026-08-02 07:15:00,21.07,78.45,1014.95
2026-08-02 07:30:00,21.65,77.96,1014.87
2026-08-02 07:45:00,21.73,74.82,1014.83
2026-08-02 08:00:00,22.17,73.45,1014.78
2026-08-02 08:15:00,22.99,73.64,1015.1
2026-08-02 08:30:00,22.95,69.79,1014.92
2026-08-02 08:45:00,24.16,69.12,1015.23
2026-08-02 09:00:00,23.97,66.85,1015.22
2026-08-02 09:15:00,24.65,64.85,1015.06
2026-08-02 09:30:00,25.35,62.93,1015.24
2026-08-02 09:45:00,25.77,61.85,1015.41
2026-08-02 10:00:00,25.91,60.98,1015.13
2026-08-02 10:15:00,26.52,58.63,1015.09
2026-08-02 10:30:00,27.17,59.54,1015.46
2026-08-02 10:45:00,27.1,55.69,1014.93
2026-08-02 11:00:00,27.94,54.42,1015.39
2026-08-02 11:15:00,27.84,55.36,1014.89
2026-08-02 11:30:00,28.33,52.93,1014.8
2026-08-02 11:45:00,28.24,54.0,1015.31
2026-08-02 12:00:00,28.64,52.54,1015.22
2026-08-02 12:15:00,28.65,51.33,1015.02
2026-08-02 12:30:00,29.12,51.57,1015.11
2026-08-02 12:45:00,29.46,49.69,1014.91
2026-08-02 13:00:00,29.15,47.61,1014.41
2026-08-02 13:15:00,29.83,48.14,1014.87
2026-08-02 13:30:00,29.96,48.29,1014.22
2026-08-02 13:45:00,29.67,47.92,1014.07
2026-08-02 14:00:00,30.03,46.85,1013.97
2026-08-02 14:15:00,29.71,46.93,1014.12
2026-08-02 14:30:00,29.38,47.48,1014.25
2026-08-02 14:45:00,29.37,49.16,1014.07
2026-08-02 15:00:00,29.62,48.98,1013.58
2026-08-02 15:15:00,29.45,48.75,1013.66
2026-08-02 15:30:00,29.15,49.17,1013.46
2026-08-02 15:45:00,29.13,50.93,1013.45
2026-08-02 16:00:00,28.64,50.36,1012.96
2026-08-02 16:15:00,28.41,53.5,1012.9
2026-08-02 16:30:00,28.05,55.04,1013.27
2026-08-02 16:45:00,27.98,55.24,1013.16
2026-08-02 17:00:00,27.67,55.33,1012.61
2026-08-02 17:15:00,26.94,55.67,1012.36
2026-08-02 17:30:00,26.98,58.17,1012.57
2026-08-02 17:45:00,26.86,61.01,1012.6
2026-08-02 18:00:00,25.73,60.52,1012.39
2026-08-02 18:15:00,26.0,61.63,1012.22
2026-08-02 18:30:00,25.14,65.09,1012.15
2026-08-02 18:45:00,25.04,67.01,1011.8
2026-08-02 19:00:00,24.34,67.52,1011.72
2026-08-02 19:15:00,23.74,70.4,1011.76
2026-08-02 19:30:00,23.06,70.84,1011.95
2026-08-02 19:45:00,22.87,73.02,1011.67
2026-08-02 20:00:00,22.55,73.29,1011.44
2026-08-02 20:15:00,22.15,74.48,1011.22
2026-08-02 20:30:00,21.02,76.36,1011.32
2026-08-02 20:45:00,20.92,78.01,1011.21
2026-08-02 21:00:00,20.71,82.16,1011.19
2026-08-02 21:15:00,19.84,82.43,1011.18
2026-08-02 21:30:00,19.36,82.76,1011.03
2026-08-02 21:45:00,18.65,84.39,1011.06
2026-08-02 22:00:00,18.81,87.0,1011.53
2026-08-02 22:15:00,17.89,88.01,1011.2
2026-08-02 22:30:00,17.89,89.18,1011.19
2026-08-02 22:45:00,17.43,91.9,1011.15
2026-08-02 23:00:00,16.85,93.08,1011.61
2026-08-02 23:15:00,16.4,94.78,1011.52
2026-08-02 23:30:00,15.98,94.68,1011.4
2026-08-02 23:45:00,16.35,95.81,1011.41
2026-08-03 00:00:00,15.89,97.03,1011.35
2026-08-03 00:15:00,15.58,98.0,1011.79
2026-08-03 00:30:00,15.97,96.57,1011.44
2026-08-03 00:45:00,15.32,98.0,1011.9
2026-08-03 01:00:00,15.39,98.0,1011.92
2026-08-03 01:15:00,15.4,98.0,1012.14
2026-08-03 01:30:00,15.2,98.0,1012.05
2026-08-03 01:45:00,15.3,98.0,1012.1
2026-08-03 02:00:00,15.03,98.0,1012.22
2026-08-03 02:15:00,15.1,98.0,1012.51
2026-08-03 02:30:00,15.33,98.0,1012.48
2026-08-03 02:45:00,15.67,98.0,1012.36
2026-08-03 03:00:00,15.36,98.0,1012.89
2026-08-03 03:15:00,15.95,98.0,1013.07
2026-08-03 03:30:00,15.89,96.49,1013.17
2026-08-03 03:45:00,16.28,97.86,1013.26
2026-08-03 04:00:00,16.56,97.7,1013.51
2026-08-03 04:15:00,16.32,96.85,1013.53
2026-08-03 04:30:00,16.94,93.08,1013.53
2026-08-03 04:45:00,17.07,94.83,1013.48
2026-08-03 05:00:00,17.36,91.49,1013.74
2026-08-03 05:15:00,17.4,90.72,1013.64
2026-08-03 05:30:00,18.12,90.33,1013.99
2026-08-03 05:45:00,18.15,88.4,1013.97
2026-08-03 06:00:00,19.33,85.33,1014.14
2026-08-03 06:15:00,19.69,85.24,1014.64
2026-08-03 06:30:00,19.69,83.12,1014.28
2026-08-03 06:45:00,20.6,82.64,1014.81
2026-08-03 07:00:00,20.93,80.42,1014.52
2026-08-03 07:15:00,21.2,79.2,1014.61
2026-08-03 07:30:00,21.71,76.38,1014.54
2026-08-03 07:45:00,22.16,74.2,1014.8
2026-08-03 08:00:00,22.72,74.1,1015.16
2026-08-03 08:15:00,23.5,70.8,1015.15
2026-08-03 08:30:00,23.38,69.55,1015.02
2026-08-03 08:45:00,24.33,67.39,1014.9
2026-08-03 09:00:00,24.78,67.66,1014.93
2026-08-03 09:15:00,25.48,64.9,1015.28
2026-08-03 09:30:00,25.18,62.4,1015.24
2026-08-03 09:45:00,25.95,63.65,1015.42
2026-08-03 10:00:00,26.19,61.44,1014.96
2026-08-03 10:15:00,26.94,59.08,1015.42
2026-08-03 10:30:00,27.11,57.45,1015.0
2026-08-03 10:45:00,27.41,57.52,1015.5
2026-08-03 11:00:00,27.69,56.12,1015.05
2026-08-03 11:15:00,28.4,54.09,1015.26
2026-08-03 11:30:00,28.27,54.27,1014.82
2026-08-03 11:45:00,28.95,52.25,1015.23
2026-08-03 12:00:00,29.27,50.2,1015.25
2026-08-03 12:15:00,29.51,51.31,1014.77
2026-08-03 12:30:00,29.3,48.9,1015.04
2026-08-03 12:45:00,29.6,48.09,1014.54
2026-08-03 13:00:00,29.79,48.29,1014.68
2026-08-03 13:15:00,29.92,48.05,1014.6
2026-08-03 13:30:00,30.29,47.8,1014.28
2026-08-03 13:45:00,30.06,47.22,1014.62
2026-08-03 14:00:00,30.42,47.15,1014.15
2026-08-03 14:15:00,30.48,48.29,1014.13
2026-08-03 14:30:00,29.88,46.85,1014.19
2026-08-03 14:45:00,29.84,48.37,1013.6
2026-08-03 15:00:00,29.9,48.35,1013.82
2026-08-03 15:15:00,29.51,48.92,1013.82
2026-08-03 15:30:00,29.74,49.12,1013.67
2026-08-03 15:45:00,29.78,49.64,1013.55
2026-08-03 16:00:00,29.33,50.25,1013.33
2026-08-03 16:15:00,29.05,53.16,1013.38
2026-08-03 16:30:00,28.36,52.89,1012.69
2026-08-03 16:45:00,28.16,55.2,1012.86
2026-08-03 17:00:00,28.31,54.85,1012.6
2026-08-03 17:15:00,27.72,56.97,1012.45
2026-08-03 17:30:00,26.89,59.17,1012.64
2026-08-03 17:45:00,26.57,60.38,1012.41
2026-08-03 18:00:00,26.74,61.76,1011.96
2026-08-03 18:15:00,26.32,61.81,1011.88
2026-08-03 18:30:00,25.76,64.42,1011.98
2026-08-03 18:45:00,25.11,66.55,1012.21
2026-08-03 19:00:00,24.71,66.97,1012.08
2026-08-03 19:15:00,24.02,70.19,1011.92
2026-08-03 19:30:00,24.0,71.62,1011.64
2026-08-03 19:45:00,23.33,72.52,1011.76
2026-08-03 20:00:00,22.62,72.47,1011.42
2026-08-03 20:15:00,22.27,75.53,1011.64
2026-08-03 20:30:00,21.41,76.64,1011.52
2026-08-03 20:45:00,21.08,78.65,1011.46
2026-08-03 21:00:00,20.92,81.45,1011.19
2026-08-03 21:15:00,20.64,80.9,1011.04
2026-08-03 21:30:00,20.16,83.23,1011.11
2026-08-03 21:45:00,19.0,85.78,1010.96
2026-08-03 22:00:00,19.03,85.73,1011.2
2026-08-03 22:15:00,18.84,89.34,1010.97
2026-08-03 22:30:00,18.19,89.75,1011.36
2026-08-03 22:45:00,17.54,90.63,1011.37
2026-08-03 23:00:00,17.43,92.49,1011.18
2026-08-03 23:15:00,16.7,92.77,1011.45
2026-08-03 23:30:00,16.99,94.96,1011.68
2026-08-03 23:45:00,16.26,94.34,1011.53
2026-08-04 00:00:00,16.98,95.35,1011.26
2026-08-04 00:15:00,16.73,96.03,1011.38
2026-08-04 00:30:00,16.52,98.0,1011.63
2026-08-04 00:45:00,15.93,97.95,1011.93
2026-08-04 01:00:00,15.64,98.0,1011.99
2026-08-04 01:15:00,16.05,98.0,1011.81
2026-08-04 01:30:00,15.86,98.0,1012.27
2026-08-04 01:45:00,15.27,98.0,1012.01
2026-08-04 02:00:00,15.99,98.0,1012.4
2026-08-04 02:15:00,15.57,98.0,1012.13
2026-08-04 02:30:00,15.48,98.0,1012.22
2026-08-04 02:45:00,15.71,98.0,1012.9
2026-08-04 03:00:00,15.62,97.14,1013.0
2026-08-04 03:15:00,15.89,97.53,1012.68
2026-08-04 03:30:00,16.08,96.11,1013.06
2026-08-04 03:45:00,16.02,97.91,1013.2
2026-08-04 04:00:00,16.82,95.27,1013.52
2026-08-04 04:15:00,16.89,96.35,1013.61
2026-08-04 04:30:00,17.47,94.67,1013.61
2026-08-04 04:45:00,17.8,94.32,1013.82
2026-08-04 05:00:00,17.45,91.36,1013.77
2026-08-04 05:15:00,17.78,90.31,1013.8
2026-08-04 05:30:00,18.14,88.46,1014.12
2026-08-04 05:45:00,18.68,88.83,1013.98
2026-08-04 06:00:00,19.32,87.17,1014.26
2026-08-04 06:15:00,20.01,83.96,1014.45
2026-08-04 06:30:00,20.05,84.53,1014.23
2026-08-04 06:45:00,20.66,81.46,1014.81
2026-08-04 07:00:00,21.38,79.86,1014.76
2026-08-04 07:15:00,21.54,79.5,1014.61
2026-08-04 07:30:00,22.2,77.3,1015.12
2026-08-04 07:45:00,22.87,74.99,1014.84
2026-08-04 08:00:00,22.84,73.66,1015.06
2026-08-04 08:15:00,23.4,71.86,1015.27
2026-08-04 08:30:00,23.97,70.46,1015.3
2026-08-04 08:45:00,24.82,68.2,1014.98
2026-08-04 09:00:00,25.36,67.22,1015.01
2026-08-04 09:15:00,25.22,65.64,1014.93
2026-08-04 09:30:00,26.25,63.49,1015.39
2026-08-04 09:45:00,26.4,61.42,1015.19
2026-08-04 10:00:00,26.93,61.81,1015.23
2026-08-04 10:15:00,27.2,58.37,1015.26
2026-08-04 10:30:00,27.39,57.4,1015.17
2026-08-04 10:45:00,28.4,55.67,1015.43
2026-08-04 11:00:00,28.25,53.91,1015.3
2026-08-04 11:15:00,28.48,53.16,1015.09
2026-08-04 11:30:00,29.04,52.82,1015.15
2026-08-04 11:45:00,28.95,50.43,1015.09
2026-08-04 12:00:00,29.91,51.1,1014.96
2026-08-04 12:15:00,30.11,50.64,1014.93
2026-08-04 12:30:00,29.81,49.71,1014.59
2026-08-04 12:45:00,29.94,49.32,1015.01
2026-08-04 13:00:00,30.46,49.55,1014.89
2026-08-04 13:15:00,30.44,47.41,1014.54
2026-08-04 13:30:00,30.17,48.97,1014.53
2026-08-04 13:45:00,30.61,48.44,1014.36
2026-08-04 14:00:00,30.42,47.57,1014.22
2026-08-04 14:15:00,30.88,48.1,1014.0
2026-08-04 14:30:00,30.33,46.98,1014.06
2026-08-04 14:45:00,30.4,46.78,1014.19
2026-08-04 15:00:00,30.12,47.91,1013.5
2026-08-04 15:15:00,29.87,48.31,1013.72
2026-08-04 15:30:00,29.81,50.26,1013.29
2026-08-04 15:45:00,29.59,51.38,1013.6
2026-08-04 16:00:00,29.43,50.3,1013.31
2026-08-04 16:15:00,29.05,52.46,1013.42
2026-08-04 16:30:00,29.24,51.84,1013.26
2026-08-04 16:45:00,28.43,54.26,1012.59
2026-08-04 17:00:00,28.65,54.57,1012.96
2026-08-04 17:15:00,28.04,56.86,1012.71
2026-08-04 17:30:00,27.95,57.29,1012.41
2026-08-04 17:45:00,27.04,60.07,1012.24
2026-08-04 18:00:00,26.81,60.38,1012.17
2026-08-04 18:15:00,26.49,61.75,1012.08
2026-08-04 18:30:00,26.17,64.61,1012.07
2026-08-04 18:45:00,25.37,65.84,1011.8
2026-08-04 19:00:00,25.13,67.52,1011.71
2026-08-04 19:15:00,24.76,67.62,1012.0
2026-08-04 19:30:00,24.37,70.34,1011.74
2026-08-04 19:45:00,23.32,72.39,1011.8
2026-08-04 20:00:00,22.74,74.36,1011.74
2026-08-04 20:15:00,22.46,74.03,1011.51
2026-08-04 20:30:00,22.03,75.52,1011.53
2026-08-04 20:45:00,21.78,77.65,1011.1
2026-08-04 21:00:00,21.1,80.0,1011.33
2026-08-04 21:15:00,20.9,80.9,1011.56
2026-08-04 21:30:00,20.29,82.66,1011.56
2026-08-04 21:45:00,19.67,84.91,1011.39
2026-08-04 22:00:00,19.29,86.75,1011.35
2026-08-04 22:15:00,18.87,88.33,1011.05
2026-08-04 22:30:00,18.48,90.72,1011.34
2026-08-04 22:45:00,18.1,89.98,1011.4
2026-08-04 23:00:00,18.1,92.33,1011.26
2026-08-04 23:15:00,17.37,93.65,1011.28
2026-08-04 23:30:00,17.15,95.15,1011.45
2026-08-04 23:45:00,16.67,94.83,1011.46
2026-08-05 00:00:00,15.37,98.0,1011.46
2026-08-05 00:15:00,14.38,98.0,1011.3
2026-08-05 00:30:00,14.4,98.0,1011.5
2026-08-05 00:45:00,14.07,98.0,1011.91
2026-08-05 01:00:00,13.91,98.0,1012.01
2026-08-05 01:15:00,13.84,98.0,1012.02
2026-08-05 01:30:00,14.14,98.0,1012.12
2026-08-05 01:45:00,14.4,98.0,1012.25
2026-08-05 02:00:00,13.73,98.0,1012.41
2026-08-05 02:15:00,14.03,98.0,1012.19
2026-08-05 02:30:00,14.07,98.0,1012.61
2026-08-05 02:45:00,14.21,98.0,1012.53
2026-08-05 03:00:00,14.64,98.0,1012.71
2026-08-05 03:15:00,14.25,98.0,1012.96
2026-08-05 03:30:00,14.87,98.0,1012.73
2026-08-05 03:45:00,14.59,98.0,1013.18
2026-08-05 04:00:00,15.17,96.74,1013.08
2026-08-05 04:15:00,14.91,98.0,1013.1
2026-08-05 04:30:00,15.89,95.69,1013.81
2026-08-05 04:45:00,16.04,94.3,1013.45
2026-08-05 05:00:00,16.19,92.35,1013.59
2026-08-05 05:15:00,16.58,93.02,1013.65
2026-08-05 05:30:00,17.19,89.42,1014.3
2026-08-05 05:45:00,17.28,88.52,1013.95
2026-08-05 06:00:00,17.97,88.07,1014.25
2026-08-05 06:15:00,18.02,86.46,1014.4
2026-08-05 06:30:00,18.71,85.46,1014.39
2026-08-05 06:45:00,18.81,83.03,1014.59
2026-08-05 07:00:00,19.24,81.15,1014.58
2026-08-05 07:15:00,19.67,78.93,1015.05
2026-08-05 07:30:00,20.47,77.18,1014.85
2026-08-05 07:45:00,20.63,77.06,1014.91
2026-08-05 08:00:00,21.43,74.71,1014.73
2026-08-05 08:15:00,22.06,73.15,1015.06
2026-08-05 08:30:00,22.64,72.69,1015.3
2026-08-05 08:45:00,22.9,71.3,1015.06
2026-08-05 09:00:00,23.11,68.97,1015.1
2026-08-05 09:15:00,24.03,66.85,1015.38
2026-08-05 09:30:00,24.72,64.08,1015.45
2026-08-05 09:45:00,24.71,62.42,1014.97
2026-08-05 10:00:00,25.13,62.48,1015.01
2026-08-05 10:15:00,25.8,61.09,1015.33
2026-08-05 10:30:00,26.46,60.04,1015.51
2026-08-05 10:45:00,26.35,57.22,1015.44
2026-08-05 11:00:00,26.98,56.41,1015.3
2026-08-05 11:15:00,26.89,55.33,1014.85
2026-08-05 11:30:00,27.21,54.64,1014.95
2026-08-05 11:45:00,27.74,54.26,1014.97
2026-08-05 12:00:00,27.92,52.26,1015.02
2026-08-05 12:15:00,28.09,53.13,1015.16
2026-08-05 12:30:00,28.23,52.41,1014.98
2026-08-05 12:45:00,28.71,49.72,1014.71
2026-08-05 13:00:00,29.08,50.33,1014.72
2026-08-05 13:15:00,28.82,49.56,1014.59
2026-08-05 13:30:00,28.9,48.58,1014.56
2026-08-05 13:45:00,28.68,49.58,1014.22
2026-08-05 14:00:00,29.29,47.64,1014.19
2026-08-05 14:15:00,29.29,49.72,1014.39
2026-08-05 14:30:00,28.66,49.71,1013.85
2026-08-05 14:45:00,28.65,49.3,1013.75
2026-08-05 15:00:00,28.83,49.98,1013.89
2026-08-05 15:15:00,28.46,49.0,1013.87
2026-08-05 15:30:00,28.25,50.31,1013.65
2026-08-05 15:45:00,27.83,52.12,1013.24
2026-08-05 16:00:00,27.76,52.25,1013.48
2026-08-05 16:15:00,27.47,52.57,1012.89
2026-08-05 16:30:00,27.2,53.88,1013.19
2026-08-05 16:45:00,27.39,54.32,1012.92
2026-08-05 17:00:00,27.18,57.89,1012.61
2026-08-05 17:15:00,26.34,56.69,1012.8
2026-08-05 17:30:00,26.37,59.2,1012.69
2026-08-05 17:45:00,25.86,61.55,1012.23
2026-08-05 18:00:00,25.59,61.66,1012.11
2026-08-05 18:15:00,24.52,62.78,1011.94
2026-08-05 18:30:00,24.68,64.77,1011.74
2026-08-05 18:45:00,24.15,67.47,1011.67
2026-08-05 19:00:00,23.35,68.82,1012.08
2026-08-05 19:15:00,23.14,70.77,1011.83
2026-08-05 19:30:00,22.22,70.22,1011.66
2026-08-05 19:45:00,21.74,73.22,1011.62
2026-08-05 20:00:00,21.71,76.29,1011.42
2026-08-05 20:15:00,20.98,77.07,1011.29
2026-08-05 20:30:00,20.74,78.71,1011.37
2026-08-05 20:45:00,19.64,81.34,1011.49
2026-08-05 21:00:00,19.53,82.43,1011.19
2026-08-05 21:15:00,19.01,83.2,1011.22
2026-08-05 21:30:00,18.64,85.06,1011.08
2026-08-05 21:45:00,18.2,85.63,1010.98
2026-08-05 22:00:00,18.15,88.0,1011.2
2026-08-05 22:15:00,17.11,90.03,1011.46
2026-08-05 22:30:00,17.24,91.85,1011.12
2026-08-05 22:45:00,16.41,92.19,1011.18
2026-08-05 23:00:00,16.51,92.81,1011.15
2026-08-05 23:15:00,16.11,95.59,1011.44
2026-08-05 23:30:00,15.17,96.15,1011.45
2026-08-05 23:45:00,15.11,95.93,1011.31
2026-08-06 00:00:00,15.3,96.63,1011.82
2026-08-06 00:15:00,14.99,98.0,1011.64
2026-08-06 00:30:00,15.12,98.0,1011.91
2026-08-06 00:45:00,14.84,98.0,1011.64
2026-08-06 01:00:00,14.49,98.0,1011.86
2026-08-06 01:15:00,14.91,98.0,1012.2
2026-08-06 01:30:00,14.46,98.0,1011.74
2026-08-06 01:45:00,14.1,98.0,1012.18
2026-08-06 02:00:00,14.5,98.0,1012.49
2026-08-06 02:15:00,14.24,98.0,1012.2
2026-08-06 02:30:00,14.3,98.0,1012.23
2026-08-06 02:45:00,14.85,98.0,1012.41
2026-08-06 03:00:00,14.54,98.0,1012.8
2026-08-06 03:15:00,15.1,98.0,1012.71
2026-08-06 03:30:00,14.64,98.0,1012.92
2026-08-06 03:45:00,15.5,96.58,1012.85
2026-08-06 04:00:00,15.5,97.16,1013.15
2026-08-06 04:15:00,15.71,96.3,1013.55
2026-08-06 04:30:00,15.68,95.29,1013.24
2026-08-06 04:45:00,16.54,95.45,1013.92
2026-08-06 05:00:00,16.39,91.53,1013.76
2026-08-06 05:15:00,16.77,91.05,1013.78
2026-08-06 05:30:00,17.39,91.6,1014.16
2026-08-06 05:45:00,17.79,87.84,1014.24
2026-08-06 06:00:00,17.84,87.13,1014.44
2026-08-06 06:15:00,18.83,87.53,1014.58
2026-08-06 06:30:00,18.67,83.55,1014.44
2026-08-06 06:45:00,19.56,83.55,1014.64
2026-08-06 07:00:00,19.65,81.0,1014.51
2026-08-06 07:15:00,20.71,78.43,1014.64
2026-08-06 07:30:00,21.11,77.47,1015.13
2026-08-06 07:45:00,21.31,76.95,1014.67
2026-08-06 08:00:00,22.28,74.62,1015.19
2026-08-06 08:15:00,22.56,72.04,1015.32
2026-08-06 08:30:00,23.17,70.46,1015.21
2026-08-06 08:45:00,23.19,70.75,1015.12
2026-08-06 09:00:00,23.88,67.68,1015.16
2026-08-06 09:15:00,24.3,66.38,1014.96
2026-08-06 09:30:00,24.49,65.93,1014.97
2026-08-06 09:45:00,25.21,61.63,1015.29
2026-08-06 10:00:00,25.89,61.65,1015.28
2026-08-06 10:15:00,25.86,58.99,1015.07
2026-08-06 10:30:00,26.76,58.42,1015.47
2026-08-06 10:45:00,26.99,56.88,1015.47
2026-08-06 11:00:00,27.6,56.78,1014.91
2026-08-06 11:15:00,27.69,53.86,1014.91
2026-08-06 11:30:00,27.74,55.38,1015.26
2026-08-06 11:45:00,28.17,54.16,1014.9
2026-08-06 12:00:00,28.17,52.24,1014.69
2026-08-06 12:15:00,28.86,50.7,1014.63
2026-08-06 12:30:00,28.79,49.51,1014.96
2026-08-06 12:45:00,29.0,48.49,1014.73
2026-08-06 13:00:00,29.31,48.52,1014.43
2026-08-06 13:15:00,29.0,48.79,1014.29
2026-08-06 13:30:00,29.45,49.97,1014.43
2026-08-06 13:45:00,29.58,49.44,1014.25
2026-08-06 14:00:00,29.75,49.88,1014.03
2026-08-06 14:15:00,29.01,48.86,1014.37
2026-08-06 14:30:00,29.38,47.53,1014.26
2026-08-06 14:45:00,28.9,49.74,1013.76
2026-08-06 15:00:00,29.49,48.79,1013.53
2026-08-06 15:15:00,28.96,49.6,1013.82
2026-08-06 15:30:00,28.75,49.29,1013.75
2026-08-06 15:45:00,28.6,50.8,1013.3
2026-08-06 16:00:00,28.14,51.26,1013.02
2026-08-06 16:15:00,28.51,51.63,1013.11
2026-08-06 16:30:00,27.57,53.14,1012.91
2026-08-06 16:45:00,27.42,55.11,1012.65
2026-08-06 17:00:00,27.37,55.4,1012.53
2026-08-06 17:15:00,27.02,56.23,1012.45
2026-08-06 17:30:00,26.68,57.65,1012.27
2026-08-06 17:45:00,25.98,60.44,1012.21
2026-08-06 18:00:00,25.95,60.44,1012.13
2026-08-06 18:15:00,24.93,64.1,1011.89
2026-08-06 18:30:00,25.08,64.32,1011.99
2026-08-06 18:45:00,24.63,66.21,1011.78
2026-08-06 19:00:00,24.08,66.56,1012.01
2026-08-06 19:15:00,23.09,68.76,1011.88
2026-08-06 19:30:00,23.21,71.94,1011.54
2026-08-06 19:45:00,22.2,73.25,1011.56
2026-08-06 20:00:00,21.57,73.65,1011.47
2026-08-06 20:15:00,21.81,77.19,1011.71
2026-08-06 20:30:00,20.68,77.93,1011.58
2026-08-06 20:45:00,20.05,78.64,1011.41
2026-08-06 21:00:00,20.35,81.58,1011.43
2026-08-06 21:15:00,19.35,83.34,1011.5
2026-08-06 21:30:00,19.41,85.94,1011.02
2026-08-06 21:45:00,18.61,86.83,1011.29
2026-08-06 22:00:00,18.05,87.73,1010.96
2026-08-06 22:15:00,17.9,88.07,1011.54
2026-08-06 22:30:00,17.32,91.03,1011.51
2026-08-06 22:45:00,16.96,91.39,1011.09
2026-08-06 23:00:00,16.98,93.29,1011.14
2026-08-06 23:15:00,16.49,93.5,1011.62
2026-08-06 23:30:00,16.18,95.32,1011.2
2026-08-06 23:45:00,15.72,97.14,1011.17
2026-08-07 00:00:00,16.16,98.0,1011.27
2026-08-07 00:15:00,15.61,97.76,1011.52
2026-08-07 00:30:00,15.13,98.0,1011.44
2026-08-07 00:45:00,15.56,98.0,1011.99
2026-08-07 01:00:00,14.69,98.0,1011.9
2026-08-07 01:15:00,14.98,98.0,1011.82
2026-08-07 01:30:00,14.84,98.0,1011.86
2026-08-07 01:45:00,15.08,98.0,1011.86
2026-08-07 02:00:00,14.9,98.0,1012.09
2026-08-07 02:15:00,14.91,98.0,1012.66
2026-08-07 02:30:00,15.09,98.0,1012.26
2026-08-07 02:45:00,15.33,98.0,1012.56
2026-08-07 03:00:00,15.45,98.0,1012.74
2026-08-07 03:15:00,15.49,98.0,1012.84
2026-08-07 03:30:00,15.02,98.0,1013.01
2026-08-07 03:45:00,15.88,96.74,1013.07
2026-08-07 04:00:00,15.96,96.58,1013.39
2026-08-07 04:15:00,15.97,94.89,1013.47
2026-08-07 04:30:00,16.71,93.52,1013.81
2026-08-07 04:45:00,16.83,92.55,1013.77
2026-08-07 05:00:00,16.7,94.01,1014.05
2026-08-07 05:15:00,17.15,90.01,1013.92
2026-08-07 05:30:00,17.54,90.09,1014.12
2026-08-07 05:45:00,18.46,89.49,1014.15
2026-08-07 06:00:00,18.49,87.91,1013.99
2026-08-07 06:15:00,18.63,86.94,1014.64
2026-08-07 06:30:00,19.45,85.49,1014.51
2026-08-07 06:45:00,19.65,81.57,1014.62
2026-08-07 07:00:00,20.22,82.18,1014.66
2026-08-07 07:15:00,20.77,78.83,1014.88
2026-08-07 07:30:00,21.11,77.27,1014.93
2026-08-07 07:45:00,21.96,77.1,1015.19
2026-08-07 08:00:00,22.14,74.81,1014.84
2026-08-07 08:15:00,22.88,71.47,1015.15
2026-08-07 08:30:00,22.94,70.46,1015.05
2026-08-07 08:45:00,24.02,67.67,1015.05
2026-08-07 09:00:00,24.18,68.97,1015.46
2026-08-07 09:15:00,25.02,66.03,1015.26
2026-08-07 09:30:00,25.32,65.39,1015.24
2026-08-07 09:45:00,25.36,62.02,1015.35
2026-08-07 10:00:00,26.07,61.44,1015.45
2026-08-07 10:15:00,26.35,59.27,1015.5
2026-08-07 10:30:00,27.08,59.56,1015.1
2026-08-07 10:45:00,26.94,57.93,1015.0
2026-08-07 11:00:00,27.49,55.95,1015.32
2026-08-07 11:15:00,27.75,55.79,1015.13
2026-08-07 11:30:00,28.3,53.47,1015.26
2026-08-07 11:45:00,28.75,51.3,1014.94
2026-08-07 12:00:00,29.09,52.05,1014.83
2026-08-07 12:15:00,28.99,50.61,1014.68
2026-08-07 12:30:00,29.19,49.35,1015.01
2026-08-07 12:45:00,29.54,48.12,1014.54
2026-08-07 13:00:00,29.47,50.46,1014.48
2026-08-07 13:15:00,29.7,48.78,1014.87
2026-08-07 13:30:00,29.75,47.61,1014.73
2026-08-07 13:45:00,29.94,48.53,1014.42
2026-08-07 14:00:00,29.45,47.14,1014.52
2026-08-07 14:15:00,29.44,47.16,1013.93
2026-08-07 14:30:00,29.49,48.4,1013.98
2026-08-07 14:45:00,29.27,49.23,1013.61
2026-08-07 15:00:00,29.38,49.34,1013.92
2026-08-07 15:15:00,29.23,49.6,1013.8
2026-08-07 15:30:00,29.39,49.46,1013.41
2026-08-07 15:45:00,29.09,51.11,1013.44
2026-08-07 16:00:00,28.43,51.55,1013.23
2026-08-07 16:15:00,28.17,52.38,1013.08
2026-08-07 16:30:00,28.09,54.64,1012.71
2026-08-07 16:45:00,28.0,55.66,1013.05
2026-08-07 17:00:00,27.44,54.36,1012.59
2026-08-07 17:15:00,27.34,56.69,1012.46
2026-08-07 17:30:00,26.69,59.79,1012.31
2026-08-07 17:45:00,26.65,61.1,1012.23
2026-08-07 18:00:00,26.24,60.57,1012.25
2026-08-07 18:15:00,25.28,61.94,1012.37
2026-08-07 18:30:00,25.5,63.06,1011.81
2026-08-07 18:45:00,24.71,66.17,1011.92
2026-08-07 19:00:00,24.04,67.95,1011.71
2026-08-07 19:15:00,24.14,69.07,1011.61
2026-08-07 19:30:00,22.96,72.13,1011.4
2026-08-07 19:45:00,22.61,73.18,1011.56
2026-08-07 20:00:00,22.37,74.18,1011.62
2026-08-07 20:15:00,22.19,77.06,1011.54
2026-08-07 20:30:00,21.44,76.09,1011.25
2026-08-07 20:45:00,20.6,78.76,1011.22
2026-08-07 21:00:00,20.71,81.36,1011.05
2026-08-07 21:15:00,20.05,82.49,1011.16
2026-08-07 21:30:00,19.43,83.29,1011.04
2026-08-07 21:45:00,19.3,86.01,1011.04
2026-08-07 22:00:00,18.22,86.5,1011.45
2026-08-07 22:15:00,18.32,87.72,1011.48
2026-08-07 22:30:00,17.93,88.71,1011.11
2026-08-07 22:45:00,17.19,90.97,1011.13
2026-08-07 23:00:00,17.28,92.7,1011.23
2026-08-07 23:15:00,16.9,92.94,1011.22
2026-08-07 23:30:00,16.73,94.06,1011.67
2026-08-07 23:45:00,16.31,95.1,1011.41
2026-08-08 00:00:00,16.14,96.34,1011.47
2026-08-08 00:15:00,15.63,95.98,1011.76
2026-08-08 00:30:00,15.7,98.0,1011.5
2026-08-08 00:45:00,15.38,97.92,1011.95
2026-08-08 01:00:00,15.09,98.0,1012.06
2026-08-08 01:15:00,15.02,98.0,1012.04
2026-08-08 01:30:00,14.88,98.0,1012.32
2026-08-08 01:45:00,14.82,98.0,1011.85
2026-08-08 02:00:00,15.11,98.0,1012.05
2026-08-08 02:15:00,15.12,98.0,1012.38
2026-08-08 02:30:00,15.38,98.0,1012.47
2026-08-08 02:45:00,15.46,98.0,1012.46
2026-08-08 03:00:00,15.19,98.0,1013.03
2026-08-08 03:15:00,15.76,98.0,1012.56
2026-08-08 03:30:00,15.5,97.32,1013.22
2026-08-08 03:45:00,16.35,97.45,1013.24
2026-08-08 04:00:00,16.41,96.35,1013.35
2026-08-08 04:15:00,16.83,95.26,1013.26
2026-08-08 04:30:00,17.04,95.33,1013.55
2026-08-08 04:45:00,16.84,94.12,1013.89
2026-08-08 05:00:00,17.03,92.24,1014.01
2026-08-08 05:15:00,17.71,91.8,1013.91
2026-08-08 05:30:00,18.28,90.84,1014.27
2026-08-08 05:45:00,18.81,89.58,1013.84
2026-08-08 06:00:00,18.76,87.91,1014.46
2026-08-08 06:15:00,19.78,85.64,1014.16
2026-08-08 06:30:00,19.75,82.39,1014.73
2026-08-08 06:45:00,20.01,81.3,1014.84
2026-08-08 07:00:00,20.72,79.06,1014.39
2026-08-08 07:15:00,21.64,80.01,1014.49
2026-08-08 07:30:00,21.85,78.52,1014.8
2026-08-08 07:45:00,22.19,75.0,1015.03
2026-08-08 08:00:00,23.04,73.22,1014.79
2026-08-08 08:15:00,23.19,70.81,1014.87
2026-08-08 08:30:00,23.73,69.12,1015.25
2026-08-08 08:45:00,23.97,67.3,1014.91
2026-08-08 09:00:00,24.65,68.5,1014.97
2026-08-08 09:15:00,25.22,66.16,1015.36
2026-08-08 09:30:00,25.53,63.38,1015.3
2026-08-08 09:45:00,25.67,62.95,1015.2
2026-08-08 10:00:00,26.55,61.65,1015.0
2026-08-08 10:15:00,26.9,58.04,1015.36
2026-08-08 10:30:00,27.56,56.66,1015.11
2026-08-08 10:45:00,27.75,57.72,1014.95
2026-08-08 11:00:00,28.16,55.1,1015.13
2026-08-08 11:15:00,28.09,54.26,1015.38
2026-08-08 11:30:00,28.97,51.9,1015.22
2026-08-08 11:45:00,29.08,51.04,1014.91
2026-08-08 12:00:00,29.57,52.56,1014.86
2026-08-08 12:15:00,29.74,49.97,1014.8
2026-08-08 12:30:00,29.91,49.14,1014.57
2026-08-08 12:45:00,29.5,48.37,1014.8
2026-08-08 13:00:00,29.68,48.26,1014.65
2026-08-08 13:15:00,30.16,46.99,1014.42
2026-08-08 13:30:00,29.88,46.77,1014.61
2026-08-08 13:45:00,30.54,48.61,1014.14
2026-08-08 14:00:00,30.56,48.97,1014.08
2026-08-08 14:15:00,30.12,47.21,1013.97
2026-08-08 14:30:00,29.77,48.93,1013.99
2026-08-08 14:45:00,30.23,48.33,1014.11
2026-08-08 15:00:00,29.89,49.3,1013.68
2026-08-08 15:15:00,29.5,48.92,1013.8
2026-08-08 15:30:00,29.33,50.62,1013.49
2026-08-08 15:45:00,29.11,51.68,1013.61
2026-08-08 16:00:00,28.96,51.33,1013.29
2026-08-08 16:15:00,29.1,53.63,1013.34
2026-08-08 16:30:00,29.04,52.05,1012.78
2026-08-08 16:45:00,28.68,55.75,1012.87
2026-08-08 17:00:00,28.37,54.0,1012.92
2026-08-08 17:15:00,27.98,55.29,1012.56
2026-08-08 17:30:00,27.47,57.83,1012.73
2026-08-08 17:45:00,27.05,59.53,1012.22
2026-08-08 18:00:00,26.19,61.74,1012.29
2026-08-08 18:15:00,26.2,62.69,1012.39
2026-08-08 18:30:00,25.72,63.25,1011.91
2026-08-08 18:45:00,24.75,65.89,1012.04
2026-08-08 19:00:00,24.68,67.13,1011.85
2026-08-08 19:15:00,24.11,70.06,1012.04
2026-08-08 19:30:00,23.91,69.41,1011.48
2026-08-08 19:45:00,23.05,72.93,1011.59
2026-08-08 20:00:00,22.96,74.54,1011.66
2026-08-08 20:15:00,22.29,76.13,1011.33
2026-08-08 20:30:00,21.78,76.96,1011.68
2026-08-08 20:45:00,21.5,78.44,1011.47
2026-08-08 21:00:00,20.79,81.55,1011.19
2026-08-08 21:15:00,20.26,80.83,1011.39
2026-08-08 21:30:00,19.77,83.01,1011.5
2026-08-08 21:45:00,19.0,84.19,1011.11
2026-08-08 22:00:00,18.55,88.29,1011.5
2026-08-08 22:15:00,18.76,89.35,1011.17
2026-08-08 22:30:00,18.47,89.46,1011.07
2026-08-08 22:45:00,17.88,91.91,1011.28
2026-08-08 23:00:00,17.52,93.23,1011.32
2026-08-08 23:15:00,16.77,94.82,1011.36
2026-08-08 23:30:00,16.59,93.17,1011.51
2026-08-08 23:45:00,16.4,96.38,1011.69
2026-08-09 00:00:00,16.56,96.34,1011.82
2026-08-09 00:15:00,16.21,98.0,1011.47
2026-08-09 00:30:00,15.91,98.0,1011.83
2026-08-09 00:45:00,15.88,98.0,1011.82
2026-08-09 01:00:00,16.25,98.0,1011.65
2026-08-09 01:15:00,15.96,98.0,1011.73
2026-08-09 01:30:00,15.92,98.0,1012.31
2026-08-09 01:45:00,15.49,98.0,1012.43
2026-08-09 02:00:00,15.27,98.0,1012.31
2026-08-09 02:15:00,15.46,98.0,1012.37
2026-08-09 02:30:00,15.73,98.0,1012.66
2026-08-09 02:45:00,16.01,98.0,1012.41
2026-08-09 03:00:00,15.46,98.0,1012.58
2026-08-09 03:15:00,15.94,97.6,1012.81
2026-08-09 03:30:00,16.2,96.5,1012.69
2026-08-09 03:45:00,16.25,97.78,1013.12
2026-08-09 04:00:00,16.52,95.05,1012.95
2026-08-09 04:15:00,17.14,96.1,1013.15
2026-08-09 04:30:00,17.53,93.39,1013.72
2026-08-09 04:45:00,17.07,91.64,1013.78
2026-08-09 05:00:00,17.42,93.06,1014.03
2026-08-09 05:15:00,18.39,90.22,1013.61
2026-08-09 05:30:00,18.56,87.89,1013.97
2026-08-09 05:45:00,18.66,87.52,1014.26
2026-08-09 06:00:00,19.24,87.01,1014.09
2026-08-09 06:15:00,19.77,85.24,1014.27
2026-08-09 06:30:00,20.31,83.11,1014.29
2026-08-09 06:45:00,20.59,80.72,1014.31
2026-08-09 07:00:00,21.34,81.43,1014.62
2026-08-09 07:15:00,21.94,78.64,1014.65
2026-08-09 07:30:00,22.51,77.43,1015.07
2026-08-09 07:45:00,22.73,75.26,1015.08
2026-08-09 08:00:00,23.08,72.74,1014.8
2026-08-09 08:15:00,23.45,73.13,1015.3
2026-08-09 08:30:00,23.88,69.36,1015.0
2026-08-09 08:45:00,24.35,68.01,1015.07
2026-08-09 09:00:00,24.74,67.51,1015.03
2026-08-09 09:15:00,25.79,64.41,1014.95
2026-08-09 09:30:00,25.98,64.57,1015.04
2026-08-09 09:45:00,26.46,61.72,1015.35
2026-08-09 10:00:00,26.83,59.21,1015.14
2026-08-09 10:15:00,27.03,58.27,1015.18
2026-08-09 10:30:00,27.63,56.08,1015.03
2026-08-09 10:45:00,27.66,56.51,1015.04
2026-08-09 11:00:00,28.62,56.28,1015.05
2026-08-09 11:15:00,28.46,53.83,1014.89
2026-08-09 11:30:00,29.12,52.26,1015.31
2026-08-09 11:45:00,29.59,52.64,1015.12
2026-08-09 12:00:00,29.89,52.13,1014.86
2026-08-09 12:15:00,29.89,49.02,1015.05
2026-08-09 12:30:00,30.41,49.74,1014.8
2026-08-09 12:45:00,29.87,47.68,1014.71
2026-08-09 13:00:00,30.22,47.77,1014.96
2026-08-09 13:15:00,30.1,49.15,1014.38
2026-08-09 13:30:00,30.45,46.54,1014.17
2026-08-09 13:45:00,30.33,47.58,1014.27
2026-08-09 14:00:00,30.56,48.6,1014.06
2026-08-09 14:15:00,30.2,47.6,1013.84
2026-08-09 14:30:00,30.73,48.9,1014.1
2026-08-09 14:45:00,30.24,49.26,1013.73
2026-08-09 15:00:00,30.34,48.13,1013.64
2026-08-09 15:15:00,30.52,49.76,1013.85
2026-08-09 15:30:00,30.28,48.17,1013.49
2026-08-09 15:45:00,29.62,49.31,1013.29
2026-08-09 16:00:00,29.52,49.6,1013.45
2026-08-09 16:15:00,29.34,52.95,1013.09
2026-08-09 16:30:00,28.77,52.38,1012.87
2026-08-09 16:45:00,28.69,55.3,1012.9
2026-08-09 17:00:00,28.39,55.93,1012.9
2026-08-09 17:15:00,28.03,55.07,1012.85
2026-08-09 17:30:00,28.03,58.76,1012.62
2026-08-09 17:45:00,27.24,59.62,1012.07
2026-08-09 18:00:00,26.7,60.68,1012.19
2026-08-09 18:15:00,26.77,61.1,1012.41
2026-08-09 18:30:00,25.68,62.78,1012.31
2026-08-09 18:45:00,25.79,65.87,1012.19
2026-08-09 19:00:00,25.28,67.31,1011.73
2026-08-09 19:15:00,24.87,68.26,1011.72
2026-08-09 19:30:00,23.85,70.88,1011.87
2026-08-09 19:45:00,23.36,72.33,1011.83
2026-08-09 20:00:00,22.73,73.28,1011.4
2026-08-09 20:15:00,22.23,74.89,1011.35
2026-08-09 20:30:00,21.87,76.77,1011.44
2026-08-09 20:45:00,21.99,77.12,1011.12
2026-08-09 21:00:00,21.34,79.18,1011.17
2026-08-09 21:15:00,20.77,81.03,1011.52
2026-08-09 21:30:00,20.25,82.22,1011.26
2026-08-09 21:45:00,19.48,84.96,1011.33
2026-08-09 22:00:00,19.74,85.51,1011.24
2026-08-09 22:15:00,18.72,86.83,1011.44
2026-08-09 22:30:00,18.35,88.66,1011.44
2026-08-09 22:45:00,18.43,91.98,1011.16
2026-08-09 23:00:00,17.42,91.38,1011.17
2026-08-09 23:15:00,17.11,91.61,1011.55
2026-08-09 23:30:00,16.88,93.3,1011.7
2026-08-09 23:45:00,16.59,94.42,1011.3
2026-08-10 00:00:00,14.76,97.01,1011.27
2026-08-10 00:15:00,14.78,97.52,1011.69
2026-08-10 00:30:00,14.76,97.75,1011.72
2026-08-10 00:45:00,14.43,98.0,1011.87
2026-08-10 01:00:00,14.52,98.0,1011.82
2026-08-10 01:15:00,14.4,98.0,1012.03
2026-08-10 01:30:00,14.22,98.0,1011.84
2026-08-10 01:45:00,14.35,98.0,1011.87
2026-08-10 02:00:00,13.66,98.0,1012.0
2026-08-10 02:15:00,14.06,98.0,1012.58
2026-08-10 02:30:00,13.94,98.0,1012.65
2026-08-10 02:45:00,14.44,98.0,1012.43
2026-08-10 03:00:00,14.48,98.0,1012.62
2026-08-10 03:15:00,14.3,98.0,1012.76
2026-08-10 03:30:00,14.68,98.0,1012.96
2026-08-10 03:45:00,15.06,98.0,1013.16
2026-08-10 04:00:00,14.98,97.02,1013.34
2026-08-10 04:15:00,15.48,97.37,1013.4
2026-08-10 04:30:00,15.4,96.84,1013.43
2026-08-10 04:45:00,16.12,94.17,1013.88
2026-08-10 05:00:00,15.92,92.42,1013.49
2026-08-10 05:15:00,16.52,93.22,1014.08
2026-08-10 05:30:00,17.13,91.19,1014.18
2026-08-10 05:45:00,17.43,89.85,1014.25
2026-08-10 06:00:00,17.67,88.78,1014.16
2026-08-10 06:15:00,17.84,85.41,1014.12
2026-08-10 06:30:00,18.54,85.34,1014.26
2026-08-10 06:45:00,19.23,84.31,1014.47
2026-08-10 07:00:00,19.67,82.4,1014.67
2026-08-10 07:15:00,19.95,78.73,1014.54
2026-08-10 07:30:00,20.39,77.82,1014.89
2026-08-10 07:45:00,20.91,77.55,1014.84
2026-08-10 08:00:00,21.75,74.37,1015.06
2026-08-10 08:15:00,21.8,74.29,1015.29
2026-08-10 08:30:00,22.8,72.78,1015.03
2026-08-10 08:45:00,23.19,69.1,1015.33
2026-08-10 09:00:00,23.05,68.68,1014.9
2026-08-10 09:15:00,23.74,66.54,1014.97
2026-08-10 09:30:00,24.71,65.85,1014.95
2026-08-10 09:45:00,24.67,63.52,1015.3
2026-08-10 10:00:00,25.26,60.5,1014.96
2026-08-10 10:15:00,26.01,60.11,1014.98
2026-08-10 10:30:00,26.02,60.03,1014.94
2026-08-10 10:45:00,26.3,56.55,1015.04
2026-08-10 11:00:00,27.0,56.63,1015.3
2026-08-10 11:15:00,26.96,55.01,1014.99
2026-08-10 11:30:00,27.71,54.68,1015.35
2026-08-10 11:45:00,27.91,52.97,1015.11
2026-08-10 12:00:00,28.37,52.85,1015.03
2026-08-10 12:15:00,28.16,50.87,1015.1
2026-08-10 12:30:00,28.11,49.88,1014.75
2026-08-10 12:45:00,28.29,51.16,1014.7
2026-08-10 13:00:00,28.88,51.25,1014.44
2026-08-10 13:15:00,28.51,48.78,1014.63
2026-08-10 13:30:00,29.02,50.68,1014.7
2026-08-10 13:45:00,28.79,50.49,1014.61
2026-08-10 14:00:00,29.36,49.97,1014.06
2026-08-10 14:15:00,29.25,49.8,1014.23
2026-08-10 14:30:00,28.92,49.32,1014.31
2026-08-10 14:45:00,29.21,48.58,1014.1
2026-08-10 15:00:00,28.45,50.29,1013.49
2026-08-10 15:15:00,28.85,50.05,1013.69
2026-08-10 15:30:00,28.32,49.78,1013.46
2026-08-10 15:45:00,28.6,52.49,1013.43
2026-08-10 16:00:00,28.17,51.92,1013.01
2026-08-10 16:15:00,28.07,52.84,1012.87
2026-08-10 16:30:00,27.19,54.42,1013.21
2026-08-10 16:45:00,27.18,54.35,1012.95
2026-08-10 17:00:00,27.02,57.01,1012.46
2026-08-10 17:15:00,26.09,57.22,1012.6
2026-08-10 17:30:00,26.06,59.43,1012.35
2026-08-10 17:45:00,25.98,61.95,1012.48
2026-08-10 18:00:00,25.02,61.63,1012.16
2026-08-10 18:15:00,24.77,63.59,1012.18
2026-08-10 18:30:00,24.45,64.66,1012.04
2026-08-10 18:45:00,23.89,66.62,1011.76
2026-08-10 19:00:00,23.45,69.45,1011.78
2026-08-10 19:15:00,23.31,68.55,1011.47
2026-08-10 19:30:00,22.61,71.96,1011.86
2026-08-10 19:45:00,21.62,74.67,1011.72
2026-08-10 20:00:00,21.38,74.05,1011.45
2026-08-10 20:15:00,21.17,75.94,1011.36
2026-08-10 20:30:00,20.78,79.01,1011.2
2026-08-10 20:45:00,20.24,81.54,1011.12
2026-08-10 21:00:00,19.26,81.17,1011.58
2026-08-10 21:15:00,18.91,81.96,1011.31
2026-08-10 21:30:00,18.93,85.71,1011.49
2026-08-10 21:45:00,18.32,85.21,1011.0
2026-08-10 22:00:00,17.43,89.45,1011.14
2026-08-10 22:15:00,17.0,88.3,1011.09
2026-08-10 22:30:00,16.68,90.31,1011.53
2026-08-10 22:45:00,16.26,92.36,1011.03
2026-08-10 23:00:00,16.08,92.81,1011.09
2026-08-10 23:15:00,15.63,95.46,1011.22
2026-08-10 23:30:00,15.77,96.07,1011.22
2026-08-10 23:45:00,15.16,96.08,1011.54
2026-08-11 00:00:00,15.28,97.79,1011.74
2026-08-11 00:15:00,15.2,97.78,1011.4
2026-08-11 00:30:00,15.14,98.0,1011.47
2026-08-11 00:45:00,15.12,98.0,1011.8
2026-08-11 01:00:00,14.45,98.0,1012.05
2026-08-11 01:15:00,14.77,98.0,1011.84
2026-08-11 01:30:00,14.7,98.0,1012.26
2026-08-11 01:45:00,14.77,98.0,1012.06
2026-08-11 02:00:00,14.64,98.0,1012.22
2026-08-11 02:15:00,14.28,98.0,1012.27
2026-08-11 02:30:00,14.56,98.0,1012.74
2026-08-11 02:45:00,14.71,98.0,1012.34
2026-08-11 03:00:00,14.71,98.0,1012.66
2026-08-11 03:15:00,14.62,98.0,1012.69
2026-08-11 03:30:00,15.13,98.0,1012.75
2026-08-11 03:45:00,14.78,98.0,1012.85
2026-08-11 04:00:00,15.02,96.42,1013.23
2026-08-11 04:15:00,15.81,95.48,1013.5
2026-08-11 04:30:00,16.35,95.58,1013.69
2026-08-11 04:45:00,16.14,94.77,1013.53
2026-08-11 05:00:00,16.26,92.21,1013.91
2026-08-11 05:15:00,16.97,91.73,1013.97
2026-08-11 05:30:00,17.24,89.15,1014.07
2026-08-11 05:45:00,17.69,89.83,1014.1
2026-08-11 06:00:00,18.54,88.47,1014.53
2026-08-11 06:15:00,18.54,86.47,1014.47
2026-08-11 06:30:00,18.9,83.62,1014.71
2026-08-11 06:45:00,19.2,81.85,1014.75
2026-08-11 07:00:00,20.31,82.77,1014.56
2026-08-11 07:15:00,20.33,80.33,1014.58
2026-08-11 07:30:00,20.82,78.95,1014.57
2026-08-11 07:45:00,21.14,75.73,1015.2
2026-08-11 08:00:00,21.55,74.02,1015.28
2026-08-11 08:15:00,22.27,72.03,1015.12
2026-08-11 08:30:00,23.12,70.48,1015.07
2026-08-11 08:45:00,23.06,68.42,1015.14
2026-08-11 09:00:00,23.66,68.98,1015.3
2026-08-11 09:15:00,23.92,65.44,1015.13
2026-08-11 09:30:00,24.45,63.89,1015.16
2026-08-11 09:45:00,25.25,63.18,1015.23
2026-08-11 10:00:00,25.56,61.24,1015.3
2026-08-11 10:15:00,26.17,59.62,1015.08
2026-08-11 10:30:00,26.66,59.49,1015.4
2026-08-11 10:45:00,26.75,57.45,1015.48
2026-08-11 11:00:00,27.07,55.56,1015.19
2026-08-11 11:15:00,27.77,55.86,1015.33
2026-08-11 11:30:00,28.13,55.22,1015.4
2026-08-11 11:45:00,27.88,52.72,1014.85
2026-08-11 12:00:00,28.09,50.61,1015.02
2026-08-11 12:15:00,28.48,50.73,1015.04
2026-08-11 12:30:00,28.79,51.4,1014.56
2026-08-11 12:45:00,29.12,49.31,1014.65
2026-08-11 13:00:00,29.26,48.48,1014.42
2026-08-11 13:15:00,29.25,47.79,1014.55
2026-08-11 13:30:00,29.5,47.39,1014.38
2026-08-11 13:45:00,29.71,47.41,1014.6
2026-08-11 14:00:00,29.43,49.83,1014.25
2026-08-11 14:15:00,29.45,48.05,1014.17
2026-08-11 14:30:00,29.58,49.61,1014.25
2026-08-11 14:45:00,29.09,48.21,1014.01
2026-08-11 15:00:00,28.8,49.58,1013.77
2026-08-11 15:15:00,29.23,48.89,1013.73
2026-08-11 15:30:00,28.57,51.65,1013.78
2026-08-11 15:45:00,28.35,50.19,1013.67
2026-08-11 16:00:00,28.05,51.31,1013.23
2026-08-11 16:15:00,28.09,53.45,1013.4
2026-08-11 16:30:00,27.64,53.97,1013.15
2026-08-11 16:45:00,27.45,56.0,1012.73
2026-08-11 17:00:00,27.08,55.58,1013.02
2026-08-11 17:15:00,26.93,56.64,1012.69
2026-08-11 17:30:00,26.4,58.51,1012.77
2026-08-11 17:45:00,25.93,59.02,1012.18
2026-08-11 18:00:00,25.67,62.7,1012.07
2026-08-11 18:15:00,25.51,64.27,1012.01
2026-08-11 18:30:00,25.1,63.48,1012.25
2026-08-11 18:45:00,24.62,67.15,1011.95
2026-08-11 19:00:00,23.57,68.72,1011.74
2026-08-11 19:15:00,23.18,69.61,1011.51
2026-08-11 19:30:00,23.09,71.5,1011.44
2026-08-11 19:45:00,22.24,74.34,1011.71
2026-08-11 20:00:00,21.83,74.69,1011.55
2026-08-11 20:15:00,21.58,75.97,1011.69
2026-08-11 20:30:00,20.62,77.83,1011.33
2026-08-11 20:45:00,20.31,79.7,1011.61
2026-08-11 21:00:00,19.97,80.4,1011.16
2026-08-11 21:15:00,19.33,81.58,1011.06
2026-08-11 21:30:00,19.31,83.47,1011.07
2026-08-11 21:45:00,18.43,85.21,1011.4
2026-08-11 22:00:00,18.29,86.2,1011.25
2026-08-11 22:15:00,18.07,90.18,1011.27
2026-08-11 22:30:00,17.45,91.06,1011.0
2026-08-11 22:45:00,16.6,92.53,1011.25
2026-08-11 23:00:00,16.21,92.44,1011.17
2026-08-11 23:15:00,15.98,94.93,1011.09
2026-08-11 23:30:00,15.67,95.77,1011.64
2026-08-11 23:45:00,15.76,95.52,1011.23
2026-08-12 00:00:00,15.82,96.32,1011.54
2026-08-12 00:15:00,15.81,98.0,1011.33
2026-08-12 00:30:00,15.65,98.0,1011.78
2026-08-12 00:45:00,15.54,98.0,1012.04
2026-08-12 01:00:00,14.76,98.0,1011.83
2026-08-12 01:15:00,14.78,98.0,1011.89
2026-08-12 01:30:00,15.07,98.0,1011.87
2026-08-12 01:45:00,14.42,98.0,1012.02
2026-08-12 02:00:00,14.81,98.0,1012.08
2026-08-12 02:15:00,14.95,98.0,1012.23
2026-08-12 02:30:00,14.89,98.0,1012.78
2026-08-12 02:45:00,15.09,98.0,1012.5
2026-08-12 03:00:00,14.92,98.0,1012.7
2026-08-12 03:15:00,15.27,98.0,1012.6
2026-08-12 03:30:00,15.19,97.78,1013.24
2026-08-12 03:45:00,15.37,97.66,1013.35
2026-08-12 04:00:00,15.94,96.45,1013.18
2026-08-12 04:15:00,15.74,96.8,1013.44
2026-08-12 04:30:00,16.4,95.35,1013.47
2026-08-12 04:45:00,16.32,93.44,1013.76
2026-08-12 05:00:00,17.29,92.52,1013.48
2026-08-12 05:15:00,17.26,91.15,1013.82
2026-08-12 05:30:00,17.72,88.99,1013.93
2026-08-12 05:45:00,17.83,90.02,1014.05
2026-08-12 06:00:00,18.35,85.87,1014.28
2026-08-12 06:15:00,19.08,84.71,1014.27
2026-08-12 06:30:00,19.65,82.86,1014.26
2026-08-12 06:45:00,20.05,83.11,1014.87
2026-08-12 07:00:00,19.97,79.81,1014.57
2026-08-12 07:15:00,20.81,79.89,1014.9
2026-08-12 07:30:00,20.94,77.08,1014.73
2026-08-12 07:45:00,21.84,76.45,1014.79
2026-08-12 08:00:00,22.15,73.62,1014.69
2026-08-12 08:15:00,22.73,71.99,1014.89
2026-08-12 08:30:00,23.17,70.07,1015.22
2026-08-12 08:45:00,23.69,69.26,1014.85
2026-08-12 09:00:00,24.61,67.05,1015.37
2026-08-12 09:15:00,24.84,65.44,1015.11
2026-08-12 09:30:00,25.06,65.15,1015.05
2026-08-12 09:45:00,25.48,63.41,1015.17
2026-08-12 10:00:00,25.83,59.7,1015.2
2026-08-12 10:15:00,26.1,58.81,1015.35
2026-08-12 10:30:00,26.55,59.24,1015.48
2026-08-12 10:45:00,27.13,57.99,1015.22
2026-08-12 11:00:00,27.81,57.27,1015.07
2026-08-12 11:15:00,27.71,55.61,1014.88
2026-08-12 11:30:00,28.33,53.03,1014.81
2026-08-12 11:45:00,28.25,53.48,1014.79
2026-08-12 12:00:00,28.56,51.12,1014.99
2026-08-12 12:15:00,29.09,50.44,1015.12
2026-08-12 12:30:00,29.24,50.62,1014.94
2026-08-12 12:45:00,29.16,49.51,1014.68
2026-08-12 13:00:00,29.88,49.75,1014.84
2026-08-12 13:15:00,29.91,47.31,1014.45
2026-08-12 13:30:00,29.96,47.58,1014.57
2026-08-12 13:45:00,29.89,48.73,1014.46
2026-08-12 14:00:00,30.03,47.6,1014.48
2026-08-12 14:15:00,29.64,47.69,1014.36
2026-08-12 14:30:00,30.11,48.66,1013.9
2026-08-12 14:45:00,29.99,47.67,1013.97
2026-08-12 15:00:00,29.86,47.62,1013.6
2026-08-12 15:15:00,29.54,48.68,1013.76
2026-08-12 15:30:00,29.26,50.02,1013.26
2026-08-12 15:45:00,29.06,49.43,1013.38
2026-08-12 16:00:00,29.17,50.44,1013.27
2026-08-12 16:15:00,28.85,53.16,1013.19
2026-08-12 16:30:00,28.15,54.03,1013.2
2026-08-12 16:45:00,27.82,54.62,1013.01
2026-08-12 17:00:00,27.72,56.77,1012.48
2026-08-12 17:15:00,26.97,57.96,1012.44
2026-08-12 17:30:00,26.82,58.42,1012.29
2026-08-12 17:45:00,26.36,58.94,1012.45
2026-08-12 18:00:00,25.79,62.05,1012.34
2026-08-12 18:15:00,25.84,62.24,1012.34
2026-08-12 18:30:00,24.93,64.83,1011.77
2026-08-12 18:45:00,24.89,65.56,1011.87
2026-08-12 19:00:00,24.17,67.91,1011.85
2026-08-12 19:15:00,24.04,68.68,1011.97
2026-08-12 19:30:00,22.99,72.05,1011.61
2026-08-12 19:45:00,22.62,73.3,1011.33
2026-08-12 20:00:00,22.61,74.47,1011.68
2026-08-12 20:15:00,21.61,75.83,1011.28
2026-08-12 20:30:00,21.17,76.38,1011.45
2026-08-12 20:45:00,21.21,80.6,1011.13
2026-08-12 21:00:00,20.45,80.87,1011.27
2026-08-12 21:15:00,19.95,82.93,1011.26
2026-08-12 21:30:00,19.74,83.11,1011.21
2026-08-12 21:45:00,18.62,84.61,1010.99
2026-08-12 22:00:00,18.41,87.61,1011.36
2026-08-12 22:15:00,18.48,88.42,1011.14
2026-08-12 22:30:00,17.76,89.29,1011.24
2026-08-12 22:45:00,17.35,91.44,1011.39
2026-08-12 23:00:00,16.71,91.8,1011.32
2026-08-12 23:15:00,16.39,95.13,1011.32
2026-08-12 23:30:00,16.03,93.93,1011.62
2026-08-12 23:45:00,16.26,94.49,1011.49
2026-08-13 00:00:00,15.98,96.97,1011.6
2026-08-13 00:15:00,15.83,97.36,1011.69
2026-08-13 00:30:00,16.14,96.51,1011.64
2026-08-13 00:45:00,15.28,97.56,1011.89
2026-08-13 01:00:00,15.43,98.0,1012.02
2026-08-13 01:15:00,15.14,98.0,1012.02
2026-08-13 01:30:00,15.66,98.0,1011.86
2026-08-13 01:45:00,14.88,98.0,1012.39
2026-08-13 02:00:00,14.86,98.0,1012.5
2026-08-13 02:15:00,14.96,98.0,1012.11
2026-08-13 02:30:00,15.41,98.0,1012.55
2026-08-13 02:45:00,15.55,98.0,1012.46
2026-08-13 03:00:00,15.13,98.0,1012.74
2026-08-13 03:15:00,15.76,97.89,1012.91
2026-08-13 03:30:00,15.79,98.0,1013.14
2026-08-13 03:45:00,16.05,97.37,1013.22
2026-08-13 04:00:00,15.9,97.39,1013.3
2026-08-13 04:15:00,16.76,96.1,1013.39
2026-08-13 04:30:00,16.55,93.23,1013.4
2026-08-13 04:45:00,17.21,94.74,1013.51
2026-08-13 05:00:00,17.76,91.27,1013.7
2026-08-13 05:15:00,17.38,89.86,1014.02
2026-08-13 05:30:00,18.31,88.96,1014.04
2026-08-13 05:45:00,18.35,88.43,1014.26
2026-08-13 06:00:00,19.05,86.16,1014.52
2026-08-13 06:15:00,19.29,84.36,1014.43
2026-08-13 06:30:00,19.63,83.94,1014.3
2026-08-13 06:45:00,20.28,81.18,1014.58
2026-08-13 07:00:00,20.98,80.9,1014.59
2026-08-13 07:15:00,21.62,78.01,1014.97
2026-08-13 07:30:00,21.92,78.16,1014.75
2026-08-13 07:45:00,21.92,75.05,1014.77
2026-08-13 08:00:00,23.04,73.94,1014.97
2026-08-13 08:15:00,23.55,71.32,1015.29
2026-08-13 08:30:00,23.9,71.13,1015.34
2026-08-13 08:45:00,23.96,70.1,1015.02
2026-08-13 09:00:00,24.45,65.87,1015.26
2026-08-13 09:15:00,25.27,66.09,1015.22
2026-08-13 09:30:00,25.86,64.53,1015.12
2026-08-13 09:45:00,26.25,62.11,1015.2
2026-08-13 10:00:00,26.07,60.76,1015.49
2026-08-13 10:15:00,26.5,59.3,1015.27
2026-08-13 10:30:00,27.23,56.5,1015.38
2026-08-13 10:45:00,27.29,56.8,1015.41
2026-08-13 11:00:00,28.19,54.91,1015.45
2026-08-13 11:15:00,28.54,54.94,1015.21
2026-08-13 11:30:00,28.68,52.66,1015.03
2026-08-13 11:45:00,28.88,51.64,1014.87
2026-08-13 12:00:00,29.21,51.05,1014.71
2026-08-13 12:15:00,29.79,50.61,1015.14
2026-08-13 12:30:00,29.59,49.51,1014.62
2026-08-13 12:45:00,30.01,49.14,1014.81
2026-08-13 13:00:00,29.64,48.4,1014.45
2026-08-13 13:15:00,30.19,48.7,1014.75
2026-08-13 13:30:00,29.93,47.77,1014.49
2026-08-13 13:45:00,30.07,46.85,1014.07
2026-08-13 14:00:00,29.92,47.33,1014.53
2026-08-13 14:15:00,30.38,46.38,1014.3
2026-08-13 14:30:00,29.77,48.29,1014.15
2026-08-13 14:45:00,30.18,47.12,1013.93
2026-08-13 15:00:00,30.16,49.05,1013.52
2026-08-13 15:15:00,29.85,50.32,1013.89
2026-08-13 15:30:00,29.8,50.88,1013.49
2026-08-13 15:45:00,29.21,49.33,1013.28
2026-08-13 16:00:00,28.81,52.25,1013.1
2026-08-13 16:15:00,28.66,53.17,1012.94
2026-08-13 16:30:00,28.89,54.49,1012.72
2026-08-13 16:45:00,28.44,53.82,1012.93
2026-08-13 17:00:00,28.23,54.58,1012.78
2026-08-13 17:15:00,27.25,55.97,1012.83
2026-08-13 17:30:00,26.87,58.6,1012.78
2026-08-13 17:45:00,27.12,58.24,1012.1
2026-08-13 18:00:00,26.5,61.92,1012.31
2026-08-13 18:15:00,25.96,62.24,1012.03
2026-08-13 18:30:00,25.35,63.36,1011.83
2026-08-13 18:45:00,25.48,65.88,1011.94
2026-08-13 19:00:00,25.0,67.35,1011.93
2026-08-13 19:15:00,23.79,68.12,1011.82
2026-08-13 19:30:00,23.43,69.31,1011.41
2026-08-13 19:45:00,23.07,72.91,1011.69
2026-08-13 20:00:00,22.59,73.12,1011.8
2026-08-13 20:15:00,22.46,75.61,1011.35
2026-08-13 20:30:00,21.4,77.02,1011.33
2026-08-13 20:45:00,21.51,79.94,1011.46
2026-08-13 21:00:00,20.79,80.85,1011.43
2026-08-13 21:15:00,20.15,81.91,1011.08
2026-08-13 21:30:00,19.78,82.29,1011.37
2026-08-13 21:45:00,19.69,83.84,1011.09
2026-08-13 22:00:00,18.67,88.04,1011.34
2026-08-13 22:15:00,18.69,87.62,1011.42
2026-08-13 22:30:00,18.28,90.78,1011.02
2026-08-13 22:45:00,17.89,91.72,1011.4
2026-08-13 23:00:00,17.46,90.98,1011.29
2026-08-13 23:15:00,16.96,92.08,1011.56
2026-08-13 23:30:00,16.63,93.72,1011.19
2026-08-13 23:45:00,16.8,96.61,1011.65
2026-08-14 00:00:00,16.21,94.95,1011.39
2026-08-14 00:15:00,15.99,97.85,1011.68
2026-08-14 00:30:00,16.05,96.9,1011.57
2026-08-14 00:45:00,15.94,98.0,1011.49
2026-08-14 01:00:00,16.2,98.0,1011.83
2026-08-14 01:15:00,15.54,97.48,1011.99
2026-08-14 01:30:00,15.41,98.0,1012.04
2026-08-14 01:45:00,15.25,98.0,1012.26
2026-08-14 02:00:00,15.97,98.0,1012.01
2026-08-14 02:15:00,15.4,98.0,1012.27
2026-08-14 02:30:00,15.67,98.0,1012.64
2026-08-14 02:45:00,15.41,97.42,1012.59
2026-08-14 03:00:00,15.73,97.28,1012.6
2026-08-14 03:15:00,16.36,98.0,1012.76
2026-08-14 03:30:00,16.55,96.0,1012.93
2026-08-14 03:45:00,16.64,95.3,1013.04
2026-08-14 04:00:00,16.5,94.87,1013.03
2026-08-14 04:15:00,17.21,94.59,1013.49
2026-08-14 04:30:00,16.79,95.05,1013.54
2026-08-14 04:45:00,17.52,91.87,1013.54
2026-08-14 05:00:00,18.02,92.88,1014.02
2026-08-14 05:15:00,18.21,89.35,1013.65
2026-08-14 05:30:00,18.37,89.2,1014.1
2026-08-14 05:45:00,18.97,87.71,1014.33
2026-08-14 06:00:00,19.38,85.26,1014.05
2026-08-14 06:15:00,19.63,83.87,1014.43
2026-08-14 06:30:00,20.05,83.46,1014.56
2026-08-14 06:45:00,20.53,83.15,1014.55
2026-08-14 07:00:00,21.33,79.28,1014.55
2026-08-14 07:15:00,21.47,79.42,1014.71
2026-08-14 07:30:00,22.01,76.09,1014.8
2026-08-14 07:45:00,22.23,74.13,1014.79
2026-08-14 08:00:00,22.73,72.13,1015.16
2026-08-14 08:15:00,23.9,71.98,1014.79
2026-08-14 08:30:00,24.36,70.99,1015.06
2026-08-14 08:45:00,24.77,69.63,1014.86
2026-08-14 09:00:00,25.01,66.69,1015.17
2026-08-14 09:15:00,25.29,65.29,1015.22
2026-08-14 09:30:00,25.8,62.56,1015.28
2026-08-14 09:45:00,26.34,61.31,1015.11
2026-08-14 10:00:00,27.16,59.69,1015.02
2026-08-14 10:15:00,27.08,59.59,1015.15
2026-08-14 10:30:00,27.44,57.91,1015.38
2026-08-14 10:45:00,28.15,56.7,1015.27
2026-08-14 11:00:00,28.66,55.92,1015.0
2026-08-14 11:15:00,28.98,54.73,1015.01
2026-08-14 11:30:00,28.92,52.89,1015.2
2026-08-14 11:45:00,29.28,50.71,1015.02
2026-08-14 12:00:00,29.6,51.17,1015.05
2026-08-14 12:15:00,29.73,49.7,1014.78
2026-08-14 12:30:00,30.33,50.05,1015.01
2026-08-14 12:45:00,30.08,48.03,1014.83
2026-08-14 13:00:00,30.11,47.75,1014.6
2026-08-14 13:15:00,30.46,48.87,1014.41
2026-08-14 13:30:00,30.48,48.83,1014.46
2026-08-14 13:45:00,30.62,48.53,1014.12
2026-08-14 14:00:00,30.97,46.54,1014.24
2026-08-14 14:15:00,30.23,48.79,1014.05
2026-08-14 14:30:00,30.74,46.81,1013.98
2026-08-14 14:45:00,30.17,48.49,1013.92
2026-08-14 15:00:00,30.5,47.62,1014.03
2026-08-14 15:15:00,30.21,48.25,1013.38
2026-08-14 15:30:00,29.94,48.52,1013.42
2026-08-14 15:45:00,29.78,49.27,1013.3
2026-08-14 16:00:00,29.79,49.89,1013.04
2026-08-14 16:15:00,29.22,50.44,1013.34
2026-08-14 16:30:00,28.87,51.37,1013.15
2026-08-14 16:45:00,28.55,54.81,1012.68
2026-08-14 17:00:00,28.08,55.36,1012.5
2026-08-14 17:15:00,27.65,56.68,1012.89
2026-08-14 17:30:00,27.64,58.57,1012.5
2026-08-14 17:45:00,27.55,59.38,1012.62
2026-08-14 18:00:00,26.79,58.97,1012.44
2026-08-14 18:15:00,26.04,60.89,1011.85
2026-08-14 18:30:00,25.6,64.93,1012.27
2026-08-14 18:45:00,25.56,64.88,1012.0
2026-08-14 19:00:00,25.43,66.18,1011.69
2026-08-14 19:15:00,24.3,68.5,1011.45
2026-08-14 19:30:00,24.36,71.26,1011.86
2026-08-14 19:45:00,23.44,70.22,1011.68
2026-08-14 20:00:00,22.76,74.69,1011.69
2026-08-14 20:15:00,22.38,74.75,1011.62
2026-08-14 20:30:00,21.86,75.29,1011.7
2026-08-14 20:45:00,21.59,78.89,1011.47
2026-08-14 21:00:00,20.9,78.93,1011.26
2026-08-14 21:15:00,20.64,80.59,1011.06
2026-08-14 21:30:00,20.02,82.07,1011.13
2026-08-14 21:45:00,19.84,85.3,1011.34
2026-08-14 22:00:00,18.97,87.71,1011.12
2026-08-14 22:15:00,18.83,88.34,1011.08
2026-08-14 22:30:00,18.63,87.83,1011.25
2026-08-14 22:45:00,17.78,89.9,1011.48
2026-08-14 23:00:00,18.18,91.83,1011.51
2026-08-14 23:15:00,17.25,92.85,1011.4
2026-08-14 23:30:00,16.92,95.17,1011.43
2026-08-14 23:45:00,16.67,94.54,1011.2
2026-08-15 00:00:00,15.27,96.33,1011.7
2026-08-15 00:15:00,14.47,98.0,1011.4
2026-08-15 00:30:00,14.58,98.0,1011.42
2026-08-15 00:45:00,14.14,98.0,1011.73
2026-08-15 01:00:00,13.88,98.0,1011.96
2026-08-15 01:15:00,13.78,98.0,1011.78
2026-08-15 01:30:00,13.94,98.0,1011.95
2026-08-15 01:45:00,13.97,98.0,1012.03
2026-08-15 02:00:00,13.85,98.0,1011.95
2026-08-15 02:15:00,14.33,98.0,1012.48
2026-08-15 02:30:00,14.18,98.0,1012.66
2026-08-15 02:45:00,13.8,98.0,1012.89
2026-08-15 03:00:00,14.23,98.0,1012.83
2026-08-15 03:15:00,14.76,98.0,1012.94
2026-08-15 03:30:00,14.61,98.0,1012.88
2026-08-15 03:45:00,15.05,98.0,1013.15
2026-08-15 04:00:00,15.29,97.62,1013.27
2026-08-15 04:15:00,15.3,95.15,1013.45
2026-08-15 04:30:00,15.9,96.92,1013.59
2026-08-15 04:45:00,16.01,95.38,1013.48
2026-08-15 05:00:00,16.2,92.89,1013.47
2026-08-15 05:15:00,16.8,93.32,1013.93
2026-08-15 05:30:00,16.92,90.47,1014.29
2026-08-15 05:45:00,17.2,90.0,1014.36
2026-08-15 06:00:00,18.09,86.99,1014.22
2026-08-15 06:15:00,18.54,87.14,1014.53
2026-08-15 06:30:00,18.44,83.86,1014.58
2026-08-15 06:45:00,19.39,82.26,1014.6
2026-08-15 07:00:00,19.56,80.39,1014.4
2026-08-15 07:15:00,19.83,80.82,1014.97
2026-08-15 07:30:00,20.63,77.08,1014.79
2026-08-15 07:45:00,20.98,76.0,1014.89
2026-08-15 08:00:00,21.74,74.68,1015.06
2026-08-15 08:15:00,21.8,74.08,1015.16
2026-08-15 08:30:00,22.55,73.03,1015.23
2026-08-15 08:45:00,23.14,70.75,1014.88
2026-08-15 09:00:00,23.36,67.93,1015.26
2026-08-15 09:15:00,23.71,67.65,1015.28
2026-08-15 09:30:00,24.43,64.72,1015.15
2026-08-15 09:45:00,24.47,63.15,1015.32
2026-08-15 10:00:00,24.9,62.4,1015.47
2026-08-15 10:15:00,26.01,59.34,1015.49
2026-08-15 10:30:00,26.15,60.43,1015.19
2026-08-15 10:45:00,26.15,58.11,1015.37
2026-08-15 11:00:00,26.93,57.49,1015.43
2026-08-15 11:15:00,26.97,54.89,1015.22
2026-08-15 11:30:00,27.27,54.91,1015.16
2026-08-15 11:45:00,28.1,53.07,1015.09
2026-08-15 12:00:00,28.07,53.58,1015.08
2026-08-15 12:15:00,28.17,52.64,1015.16
2026-08-15 12:30:00,28.59,49.67,1015.0
2026-08-15 12:45:00,28.49,50.55,1014.5
2026-08-15 13:00:00,28.81,49.9,1014.9
2026-08-15 13:15:00,29.19,50.47,1014.59
2026-08-15 13:30:00,28.62,48.47,1014.66
2026-08-15 13:45:00,28.74,48.18,1014.47
2026-08-15 14:00:00,29.01,47.6,1014.16
2026-08-15 14:15:00,28.68,49.69,1014.17
2026-08-15 14:30:00,29.21,48.32,1014.21
2026-08-15 14:45:00,28.65,49.66,1013.87
2026-08-15 15:00:00,29.12,50.95,1013.51
2026-08-15 15:15:00,28.67,49.51,1013.6
2026-08-15 15:30:00,28.16,52.04,1013.61
2026-08-15 15:45:00,28.05,51.1,1013.3
2026-08-15 16:00:00,28.09,51.07,1013.27
2026-08-15 16:15:00,27.51,54.76,1012.89
2026-08-15 16:30:00,27.42,54.5,1013.03
2026-08-15 16:45:00,26.77,56.28,1012.57
2026-08-15 17:00:00,26.9,57.76,1012.6
2026-08-15 17:15:00,26.72,57.31,1012.53
2026-08-15 17:30:00,26.14,60.15,1012.64
2026-08-15 17:45:00,25.33,60.11,1012.66
2026-08-15 18:00:00,25.07,62.2,1012.05
2026-08-15 18:15:00,24.79,64.21,1012.04
2026-08-15 18:30:00,24.25,66.01,1012.01
2026-08-15 18:45:00,23.83,66.17,1011.7
2026-08-15 19:00:00,23.24,67.17,1011.85
2026-08-15 19:15:00,22.88,70.85,1011.48
2026-08-15 19:30:00,22.32,70.47,1011.88
2026-08-15 19:45:00,21.8,72.56,1011.36
2026-08-15 20:00:00,21.88,76.11,1011.76
2026-08-15 20:15:00,21.23,76.33,1011.31
2026-08-15 20:30:00,20.74,77.3,1011.13
2026-08-15 20:45:00,20.03,81.34,1011.54
2026-08-15 21:00:00,19.38,82.14,1011.59
2026-08-15 21:15:00,18.77,82.38,1011.29
2026-08-15 21:30:00,18.49,83.56,1011.33
2026-08-15 21:45:00,17.83,87.94,1011.15
2026-08-15 22:00:00,17.81,88.07,1011.48
2026-08-15 22:15:00,17.33,88.22,1011.41
2026-08-15 22:30:00,17.1,90.93,1011.11
2026-08-15 22:45:00,16.54,91.87,1011.15
2026-08-15 23:00:00,16.0,94.09,1011.07
2026-08-15 23:15:00,15.6,94.7,1011.26
2026-08-15 23:30:00,15.93,96.89,1011.16
2026-08-15 23:45:00,14.94,95.39,1011.45
2026-08-16 00:00:00,15.77,97.75,1011.71
2026-08-16 00:15:00,14.8,97.07,1011.43
2026-08-16 00:30:00,15.01,98.0,1011.44
2026-08-16 00:45:00,14.69,98.0,1011.98
2026-08-16 01:00:00,14.29,98.0,1011.97
2026-08-16 01:15:00,14.84,98.0,1011.76
2026-08-16 01:30:00,14.16,98.0,1011.77
2026-08-16 01:45:00,14.07,98.0,1011.9
2026-08-16 02:00:00,14.72,98.0,1012.02
2026-08-16 02:15:00,14.62,98.0,1012.08
2026-08-16 02:30:00,14.2,98.0,1012.68
2026-08-16 02:45:00,14.45,98.0,1012.71
2026-08-16 03:00:00,14.83,98.0,1012.93
2026-08-16 03:15:00,14.44,98.0,1012.88
2026-08-16 03:30:00,14.87,98.0,1013.15
2026-08-16 03:45:00,15.43,97.48,1012.84
2026-08-16 04:00:00,15.32,97.71,1013.1
2026-08-16 04:15:00,15.54,95.15,1013.34
2026-08-16 04:30:00,15.71,95.82,1013.45
2026-08-16 04:45:00,16.24,95.59,1013.84
2026-08-16 05:00:00,16.94,92.44,1013.89
2026-08-16 05:15:00,16.75,92.25,1013.8
2026-08-16 05:30:00,17.37,90.13,1013.79
2026-08-16 05:45:00,17.44,90.19,1014.05
2026-08-16 06:00:00,18.08,86.13,1014.33
2026-08-16 06:15:00,18.29,87.05,1014.18
2026-08-16 06:30:00,18.81,86.01,1014.58
2026-08-16 06:45:00,19.19,81.76,1014.78
2026-08-16 07:00:00,20.06,81.75,1014.49
2026-08-16 07:15:00,20.34,80.16,1014.67
2026-08-16 07:30:00,20.72,77.3,1014.93
2026-08-16 07:45:00,21.67,74.8,1014.84
2026-08-16 08:00:00,21.85,74.97,1014.72
2026-08-16 08:15:00,22.43,73.84,1015.2
2026-08-16 08:30:00,23.1,69.73,1015.2
2026-08-16 08:45:00,23.68,69.81,1014.98
2026-08-16 09:00:00,23.5,68.68,1015.37
2026-08-16 09:15:00,24.03,66.2,1014.94
2026-08-16 09:30:00,25.06,65.35,1015.38
2026-08-16 09:45:00,25.31,63.8,1015.01
2026-08-16 10:00:00,25.4,62.63,1015.09
2026-08-16 10:15:00,26.23,61.63,1015.09
2026-08-16 10:30:00,26.82,58.44,1015.33
2026-08-16 10:45:00,27.17,57.54,1015.36
2026-08-16 11:00:00,27.54,56.24,1015.15
2026-08-16 11:15:00,27.84,55.48,1015.04
2026-08-16 11:30:00,27.81,55.08,1015.38
2026-08-16 11:45:00,28.37,53.64,1015.26
2026-08-16 12:00:00,28.12,51.73,1014.92
2026-08-16 12:15:00,28.32,50.32,1014.9
2026-08-16 12:30:00,28.65,50.32,1014.68
2026-08-16 12:45:00,28.83,50.14,1014.81
2026-08-16 13:00:00,29.5,50.03,1014.93
2026-08-16 13:15:00,29.34,48.01,1014.67
2026-08-16 13:30:00,28.96,48.3,1014.73
2026-08-16 13:45:00,29.06,48.25,1014.09
2026-08-16 14:00:00,29.58,49.99,1014.02
2026-08-16 14:15:00,29.19,48.11,1014.3
2026-08-16 14:30:00,29.6,47.73,1014.28
2026-08-16 14:45:00,29.44,47.73,1013.99
2026-08-16 15:00:00,29.02,48.09,1013.67
2026-08-16 15:15:00,29.31,49.22,1013.63
2026-08-16 15:30:00,28.6,49.24,1013.79
2026-08-16 15:45:00,28.59,50.28,1013.5
2026-08-16 16:00:00,28.15,50.81,1013.21
2026-08-16 16:15:00,27.75,52.4,1013.06
2026-08-16 16:30:00,27.86,52.87,1012.91
2026-08-16 16:45:00,27.87,55.23,1012.91
2026-08-16 17:00:00,27.56,55.28,1012.56
2026-08-16 17:15:00,26.61,56.03,1012.72
2026-08-16 17:30:00,26.75,58.49,1012.61
2026-08-16 17:45:00,26.13,61.19,1012.6
2026-08-16 18:00:00,25.83,61.16,1012.35
2026-08-16 18:15:00,25.37,63.65,1012.21
2026-08-16 18:30:00,24.6,64.73,1011.8
2026-08-16 18:45:00,24.09,67.12,1011.99
2026-08-16 19:00:00,23.67,69.01,1012.04
2026-08-16 19:15:00,23.21,68.6,1011.58
2026-08-16 19:30:00,22.69,72.53,1011.54
2026-08-16 19:45:00,22.51,73.39,1011.86
2026-08-16 20:00:00,21.97,73.4,1011.57
2026-08-16 20:15:00,21.64,74.98,1011.2
2026-08-16 20:30:00,20.92,79.17,1011.11
2026-08-16 20:45:00,20.06,78.99,1011.08
2026-08-16 21:00:00,20.3,82.71,1011.2
2026-08-16 21:15:00,19.3,82.99,1011.57
2026-08-16 21:30:00,19.17,84.38,1011.18
2026-08-16 21:45:00,18.69,85.06,1011.47
2026-08-16 22:00:00,18.18,86.34,1011.43
2026-08-16 22:15:00,17.48,90.43,1011.02
2026-08-16 22:30:00,17.06,91.49,1011.32
2026-08-16 22:45:00,17.23,92.05,1011.34
2026-08-16 23:00:00,16.41,92.94,1011.04
2026-08-16 23:15:00,16.54,94.22,1011.08
2026-08-16 23:30:00,16.22,94.57,1011.2
2026-08-16 23:45:00,15.7,96.51,1011.44
2026-08-17 00:00:00,15.47,96.76,1011.63
2026-08-17 00:15:00,15.61,96.22,1011.51
2026-08-17 00:30:00,15.61,98.0,1011.68
2026-08-17 00:45:00,15.54,97.49,1011.93
2026-08-17 01:00:00,15.18,98.0,1011.99
2026-08-17 01:15:00,14.94,98.0,1011.93
2026-08-17 01:30:00,14.83,98.0,1012.32
2026-08-17 01:45:00,15.18,98.0,1012.17
2026-08-17 02:00:00,14.52,98.0,1012.3
2026-08-17 02:15:00,14.63,98.0,1012.65
2026-08-17 02:30:00,14.68,98.0,1012.61
2026-08-17 02:45:00,14.69,98.0,1012.38
2026-08-17 03:00:00,15.29,98.0,1012.56
2026-08-17 03:15:00,15.15,98.0,1012.66
2026-08-17 03:30:00,15.31,97.85,1012.83
2026-08-17 03:45:00,15.65,98.0,1013.29
2026-08-17 04:00:00,15.99,95.78,1013.01
2026-08-17 04:15:00,15.74,95.19,1013.17
2026-08-17 04:30:00,16.53,94.8,1013.5
2026-08-17 04:45:00,16.49,92.5,1013.76
2026-08-17 05:00:00,16.72,93.23,1013.76
2026-08-17 05:15:00,17.57,92.32,1013.68
2026-08-17 05:30:00,17.58,89.78,1014.17
2026-08-17 05:45:00,18.11,89.73,1014.43
2026-08-17 06:00:00,18.36,85.91,1014.03
2026-08-17 06:15:00,19.01,86.97,1014.2
2026-08-17 06:30:00,19.63,82.98,1014.31
2026-08-17 06:45:00,20.0,82.01,1014.82
2026-08-17 07:00:00,20.71,80.2,1014.78
2026-08-17 07:15:00,20.57,79.69,1014.99
2026-08-17 07:30:00,21.57,78.13,1015.12
2026-08-17 07:45:00,22.06,75.86,1014.78
2026-08-17 08:00:00,22.6,74.47,1014.85
2026-08-17 08:15:00,22.57,72.62,1014.93
2026-08-17 08:30:00,23.52,69.83,1015.01
2026-08-17 08:45:00,23.95,70.3,1015.36
2026-08-17 09:00:00,24.44,67.54,1015.38
2026-08-17 09:15:00,24.32,66.18,1014.99
2026-08-17 09:30:00,25.06,64.34,1015.26
2026-08-17 09:45:00,25.88,62.09,1015.39
2026-08-17 10:00:00,26.31,60.53,1015.14
2026-08-17 10:15:00,26.33,60.96,1015.4
2026-08-17 10:30:00,26.58,59.65,1015.05
2026-08-17 10:45:00,27.05,55.84,1015.12
2026-08-17 11:00:00,27.68,56.23,1014.89
2026-08-17 11:15:00,28.17,55.01,1015.06
2026-08-17 11:30:00,28.33,54.1,1015.19
2026-08-17 11:45:00,28.19,52.3,1014.76
2026-08-17 12:00:00,28.45,52.64,1015.08
2026-08-17 12:15:00,28.63,49.4,1014.73
2026-08-17 12:30:00,29.12,50.57,1014.74
2026-08-17 12:45:00,29.19,48.49,1014.7
2026-08-17 13:00:00,29.29,48.96,1014.58
2026-08-17 13:15:00,29.28,48.99,1014.77
2026-08-17 13:30:00,30.11,47.6,1014.45
2026-08-17 13:45:00,29.56,47.68,1014.55
2026-08-17 14:00:00,29.42,47.75,1014.27
2026-08-17 14:15:00,29.97,49.2,1013.84
2026-08-17 14:30:00,29.39,47.68,1013.81
2026-08-17 14:45:00,29.51,47.21,1013.81
2026-08-17 15:00:00,29.74,48.0,1013.84
2026-08-17 15:15:00,29.72,48.37,1013.53
2026-08-17 15:30:00,29.03,49.32,1013.8
2026-08-17 15:45:00,29.33,52.03,1013.29
2026-08-17 16:00:00,28.74,50.74,1013.27
2026-08-17 16:15:00,28.22,52.52,1013.24
2026-08-17 16:30:00,28.18,54.31,1013.29
2026-08-17 16:45:00,27.55,56.05,1012.97
2026-08-17 17:00:00,27.49,57.24,1012.92
2026-08-17 17:15:00,27.61,56.06,1012.4
2026-08-17 17:30:00,27.16,57.72,1012.77
2026-08-17 17:45:00,26.43,59.81,1012.21
2026-08-17 18:00:00,26.08,60.43,1012.16
2026-08-24 14:00:36,,,
2026-08-24 14:03:12,00,,
2026-08-24 14:04:42,00,,
2026-08-24 22:06:50,24.5,60,1013
